book1,hehe,fantasy,this that,5
book2,hehe,fantasy,this that,4
book3,hehe,fantasy,this that,2
book4,hehe,fantasy,this that,3
book5,hehe,fantasy,this that,5
book6,hehe,fantasy,this that,1
book7,hehe,fantasy,this that,2
book8,hehe,fantasy,this that,4
book9,hehe,fantasy,this that,2
book10,hehe,fantasy,this that,1
book11,hehe,fantasy,this that,5
book12,hehe,fantasy,this that,4
book13,hehe,fantasy,this that,2
book14,hehe,fantasy,this that,3
book15,hehe,fantasy,this that,5
book16,hehe,fantasy,this that,1
book17,hehe,fantasy,this that,2
book18,hehe,fantasy,this that,4
book19,hehe,fantasy,this that,2
book20,hehe,fantasy,this that,1
