book1,hehe,fantasy,this that
book2,hehe,fantasy,this that
book3,hehe,fantasy,this that
book4,hehe,fantasy,this that
book5,hehe,fantasy,this that
book6,hehe,fantasy,this that
book7,hehe,fantasy,this that
book8,hehe,fantasy,this that
book9,hehe,fantasy,this that
book10,hehe,fantasy,this that
book11,hehe,fantasy,this that
book12,hehe,fantasy,this that
book13,hehe,fantasy,this that
book14,hehe,fantasy,this that
book15,hehe,fantasy,this that
book16,hehe,fantasy,this that
book17,hehe,fantasy,this that
book18,hehe,fantasy,this that
book19,hehe,fantasy,this that
book20,hehe,fantasy,this that
sysBook,sys,sys,sys
